첫주문은 이렇게,1,오늘회 어벤져스 조합입니닷,2020-03-02,2020-03-31,https://cdn.onul-hoi.com/uploads/product_group/image/34/28336a_200214135356.jpg
여기가 제주도,1,"생각보다 양이 살짝 적긴 했으나, 그래도 신선한 고등어회를 집에서 먹을 수 있다는 점이 너무 좋았습니다.",2020-03-02,2020-03-31,https://cdn.onul-hoi.com/uploads/product_group/image/29/1eee64_200214113009.jpg
홈자까야 열었다,1,맥주 한잔과 함께 스트레스 날리기,2020-03-02,2020-03-31,https://cdn.onul-hoi.com/uploads/product_group/image/20/b9a69d_200214141346.jpg
봄을 준비하는 제철회,1,지금이 가장 맛있는 제철회,2020-03-02,2020-03-31,https://cdn.onul-hoi.com/uploads/product_group/image/39/9769b9_200217064136.jpg
5점만점 메뉴,1,별이 다섯개! 오늘회 만점메뉴,2020-03-02,2020-03-31,https://cdn.onul-hoi.com/uploads/product_group/image/31/cf1184_200214134819.jpg
마트에서 봤다면,1,손목을 걸겠습니다 새우모음,2020-03-02,2020-03-31,https://cdn.onul-hoi.com/uploads/product_group/image/40/f9bd84_200214142221.jpg
두명이서 먹기 적당,2,연어동해먹었어요 입에서 살살 녹아요 ,2020-03-02,2020-03-31,https://cdn.onul-hoi.com/uploads/product_group/image/10/cdb769_200214111125.jpg
오늘회 첫주문,2,"편하고, 아무것도 양념 안하고 그 자체로 먹어도 신선하고 달아요.",2020-03-02,2020-03-31,https://cdn.onul-hoi.com/uploads/product_group/image/28/6a793c_200214114604.jpg
게딱지만 냠냠,2,진짜맛있네요 온거 냉동해서뜨거운밥에 참기름이랑 챡챡 또사러들어왔어용,2020-03-02,2020-03-31,https://cdn.onul-hoi.com/uploads/product_group/image/27/85758d_200214133919.jpg
현포차 오픈,2,대박입니다. 인생육회,2020-03-02,2020-03-31,https://cdn.onul-hoi.com/uploads/product_group/image/33/f7a97b_200214104744.jpg
도넛초밥,2,도넛초밥 시키려고 전날 밤에 일찍 주문 했더라는..,2020-03-02,2020-03-31,https://cdn.onul-hoi.com/uploads/product_group/image/37/b128bf_200214112527.jpg
이번겨울 마지막방어,2,전에 주문했던 곳인데 여전히 맛있어요.,2020-03-02,2020-03-31,https://cdn.onul-hoi.com/uploads/product_group/image/23/d4ba13_200214111703.jpg
새우파티입니다,2,알새우과자까지 해서 새우파티,2020-03-02,2020-03-31,https://cdn.onul-hoi.com/uploads/product_group/image/32/06082a_200214133355.jpg
[1인] 나혼자 먹는다-★,3,,2020-03-02,2020-03-31,
[2인 안주] 오늘은 마라로 가!,3,,2020-03-02,2020-03-31,
[4인] 오늘은 고기먹어서 고기압,3,,2020-03-02,2020-03-31,
"[5인 이상] 자연산 회, 싯가아닙니다.",3,,2020-03-02,2020-03-31,
1만원대,4,,2020-03-02,2020-03-31,
4만원대,4,,2020-03-02,2020-03-31,
7만원대,4,,2020-03-02,2020-03-31,
15만원대,4,,2020-03-02,2020-03-31,
보양기획,5,,2020-03-02,2020-03-31,https://cdn.onul-hoi.com/uploads/store_banner/image/78/66652b_200224013133.jpg
국물용,5,,2020-03-02,2020-03-31,https://cdn.onul-hoi.com/uploads/store_banner/image/89/9c6a9d_200224012920.jpg
건어물,5,,2020-03-02,2020-03-31,https://cdn.onul-hoi.com/uploads/store_banner/image/83/1e1f9a_200224012844.jpg
저가상품,5,,2020-03-02,2020-03-31,https://cdn.onul-hoi.com/uploads/store_banner/image/88/c092a3_200224012803.jpg
제철지도,6,지금 어떤 수산물이 가장 맛있을까요?,2020-03-02,2020-03-31,
후기많은상품,6,지난주 오늘회에서 가장 잘 팔린 메뉴 >,2020-03-02,2020-03-31,
[이게 바로 게맛],6,진한 게맛 우러나는 맛간장!,2020-03-02,2020-03-31,
[밥맛특공대 출동],6,간단하게 꺼내먹는 반찬모음,2020-03-02,2020-03-31,
"[톡쏘는 이맛, 언제나 간편하게!]",6,1인분/2인분 원하는 양으로 고르는 홍어,2020-03-02,2020-03-31,
